{"gameobject": {"entity": [{"transform": {"left": 9.999999999999964, "top": 9.999999999999986, "width": 60, "height": 80}, "color": {"r": 134, "g": 67, "b": 230}, "velocity": {"x": 0.0, "y": 0.0}, "name": "player", "id": 5, "children": [4]}], "ground": [{"transform": {"left": 482.50000000000057, "top": 429.75000000000006, "width": 290, "height": 100}, "color": {"r": 0, "g": 255, "b": 0}, "id": 6}, {"transform": {"left": 661.3750000000003, "top": 274.24999999999994, "width": 290, "height": 100}, "color": {"r": 0, "g": 255, "b": 0}, "id": 3}, {"transform": {"left": 203.37499999999994, "top": 429.91666666666674, "width": 290, "height": 100}, "color": {"r": 0, "g": 255, "b": 0}, "id": 1}, {"transform": {"left": 31.70833333333337, "top": 278.4999999999999, "width": 300, "height": 100}, "color": {"r": 0, "g": 255, "b": 0}, "id": 2}], "trigger": [{"transform": {"left": 12, "top": 89, "width": 56, "height": 2}, "name": "on ground", "id": 4}]}}